barcode	ID	label
AAAACGTA	SRR3985848	Blast
AAAATGAA	SRR3986152	Monocyte
AAACACTT	SRR3986090	LMPP
AAACCTTA	SRR3985835	Blast
AAACGCTC	SRR3986120	LMPP
AAACTATG	SRR3985850	Blast
AAACTGGG	SRR3985979	LSC
AAAGGGGG	SRR3986102	LMPP
AAAGTGGG	SRR3986143	Monocyte
AAAGTTCA	SRR3985987	LSC
AAATTCCT	SRR2775715	Blast
AACATCGT	SRR3985861	Blast
AACCCGTA	SRR3986147	Monocyte
AACCTCAT	SRR3986020	LSC
AACCTGAC	SRR3985919	Blast
AACGAGGT	SRR3986060	LMPP
AACGCCGT	SRR3985906	Blast
AACGTTAC	SRR2775710	Blast
AACTCATC	SRR3986074	LMPP
AAGAGCTC	SRR3986045	LMPP
AAGAGTCA	SRR3986051	LMPP
AAGCAAAA	SRR3986057	LMPP
AAGCAAGA	SRR3986162	Monocyte
AAGCCATG	SRR3986156	Monocyte
AAGCTACC	SRR3985980	LSC
AAGCTTGG	SRR3985991	LSC
AAGGGAAC	SRR3985907	Blast
AAGTCGCA	SRR3986054	LMPP
AAGTGTAA	SRR2775836	LSC
AATACTAG	SRR3985859	Blast
AATAGGGC	SRR3986213	Monocyte
AATATCGG	SRR2775817	LSC
AATCAAGA	SRR3986096	LMPP
AATGAGGC	SRR3985923	Blast
AATGAGTA	SRR3985900	Blast
AATGGCCC	SRR2775793	LSC
AATTATTA	SRR2775808	LSC
ACAAAGCA	SRR3985903	Blast
ACAAATAT	SRR2775695	Blast
ACAAGTGT	SRR2775834	LSC
ACACGTAT	SRR3986048	LMPP
ACAGGGAC	SRR2775810	LSC
ACATCGGT	SRR2775795	LSC
ACATGACT	SRR2775842	LSC
ACATGCAG	SRR3985933	LSC
ACCAAGGT	SRR3985887	Blast
ACCACGCA	SRR2775779	LSC
ACCAGAAT	SRR3985844	Blast
ACCCCCGA	SRR2775800	LSC
ACCCTAGA	SRR3985880	Blast
ACCCTCTA	SRR3986095	LMPP
ACCGCATT	SRR2775770	LSC
ACCGCTCT	SRR3986025	LMPP
ACCGGGTG	SRR2775720	Blast
ACCGGGTT	SRR3986047	LMPP
ACCGGTTG	SRR2775791	LSC
ACGACCGC	SRR3985893	Blast
ACGACCGT	SRR3986083	LMPP
ACGAGATG	SRR3985938	LSC
ACGCCCTG	SRR3986200	Monocyte
ACGTAGAG	SRR3986204	Monocyte
ACGTGCAA	SRR2775801	LSC
ACTAAAGG	SRR2775756	Blast
ACTACTTT	SRR2775660	Blast
ACTCGAGG	SRR3986171	Monocyte
ACTCTATC	SRR3986022	LSC
ACTCTCAT	SRR3986040	LMPP
ACTGACGG	SRR3986059	LMPP
ACTGCGCT	SRR3985949	LSC
ACTGCTCT	SRR3986077	LMPP
ACTGCTGC	SRR2775764	LSC
ACTGTTTA	SRR3986121	Monocyte
ACTTACCT	SRR3985833	Blast
ACTTGCCT	SRR3985860	Blast
ACTTTCCC	SRR2775718	Blast
AGAAGATC	SRR3986086	LMPP
AGACGTCC	SRR3986116	LMPP
AGACTAAG	SRR2775839	LSC
AGACTCAG	SRR3985981	LSC
AGACTGCG	SRR3986064	LMPP
AGAGATCA	SRR3985910	Blast
AGAGTACA	SRR2775821	LSC
AGAGTGTA	SRR2775863	LSC
AGCAGTCA	SRR3986091	LMPP
AGCCTGCA	SRR3986067	LMPP
AGCTCAAA	SRR3985983	LSC
AGGAAATC	SRR3985982	LSC
AGGAGCGC	SRR3985841	Blast
AGGATAAT	SRR2775692	Blast
AGGATTTT	SRR3986146	Monocyte
AGGCAATT	SRR2775766	LSC
AGGCGCCA	SRR3986009	LSC
AGGCGCGG	SRR3986029	LMPP
AGGCTCGC	SRR3986111	LMPP
AGGGCCGG	SRR2775796	LSC
AGGTCAGA	SRR2775831	LSC
AGTAAATG	SRR2775848	LSC
AGTACGCC	SRR3986114	LMPP
AGTAGGGG	SRR2775706	Blast
AGTAGTGT	SRR2775775	LSC
AGTCAATC	SRR3986041	LMPP
AGTCACAA	SRR3986117	LMPP
AGTCACAT	SRR3985868	Blast
AGTCTGTC	SRR2775677	Blast
AGTGCATT	SRR3985942	LSC
AGTGCGAA	SRR2775679	Blast
AGTGGTTT	SRR3986103	LMPP
AGTTCCGT	SRR3985845	Blast
AGTTGTTG	SRR3986010	LSC
AGTTTGCT	SRR3986158	Monocyte
ATAAACAC	SRR3986187	Monocyte
ATAAATTG	SRR2775664	Blast
ATAACGCG	SRR3986012	LSC
ATACCCCA	SRR3986157	Monocyte
ATACGCGC	SRR2775855	LSC
ATACGGCT	SRR2775739	Blast
ATAGCGGC	SRR2775774	LSC
ATAGTCCG	SRR3986006	LSC
ATAGTTGG	SRR3985985	LSC
ATATACAC	SRR3985881	Blast
ATCAAAGG	SRR3985958	LSC
ATCAGAAA	SRR3985955	LSC
ATCCATAC	SRR3986044	LMPP
ATCCGACT	SRR3985930	LSC
ATCCGATC	SRR2775689	Blast
ATCGCCTT	SRR2775754	Blast
ATCGCTCA	SRR3985943	LSC
ATCTTGCA	SRR2775694	Blast
ATGACGGG	SRR3986011	LSC
ATGAGAAA	SRR3985977	LSC
ATGAGGGG	SRR3986198	Monocyte
ATGATAGT	SRR2775818	LSC
ATGCATAG	SRR3985994	LSC
ATGTAGCT	SRR3986169	Monocyte
ATGTATAA	SRR3986031	LMPP
ATGTGACC	SRR3985834	Blast
ATGTGGGG	SRR2775782	LSC
ATGTTTGT	SRR3986061	LMPP
ATTAGACC	SRR3986188	Monocyte
ATTCAATA	SRR2775845	LSC
ATTCGCGC	SRR3986154	Monocyte
ATTCTAGA	SRR2775693	Blast
ATTGCGTC	SRR2775753	Blast
ATTGGAGA	SRR3986043	LMPP
ATTTACAC	SRR3985936	LSC
ATTTTGGG	SRR3985947	LSC
CAAAAGAC	SRR3986201	Monocyte
CAAAATCC	SRR3986099	LMPP
CAAACCTT	SRR3986210	Monocyte
CAAACTTC	SRR2775815	LSC
CAAAGCTT	SRR3985957	LSC
CAACATGT	SRR2775734	Blast
CAACTAGA	SRR3985883	Blast
CAAGCTGT	SRR2775799	LSC
CAAGTAAC	SRR3986021	LSC
CAAGTGAT	SRR2775771	LSC
CAAGTTAG	SRR2775735	Blast
CAATAGTA	SRR3986035	LMPP
CAATCAAT	SRR2775809	LSC
CAATCGGC	SRR3986017	LSC
CAATTTCA	SRR3986118	LMPP
CACCCCCT	SRR2775672	Blast
CACGCCCA	SRR3986003	LSC
CACGCCGC	SRR3986027	LMPP
CACGGCTG	SRR2775780	LSC
CACGTCAA	SRR3985873	Blast
CACTGACC	SRR3986205	Monocyte
CACTTCGC	SRR3986178	Monocyte
CAGATGCG	SRR3986175	Monocyte
CAGGAGAC	SRR3985872	Blast
CAGTCTTA	SRR3986191	Monocyte
CAGTTTGT	SRR3986056	LMPP
CATATTAA	SRR3985967	LSC
CATCGAGC	SRR3985905	Blast
CATGCGGT	SRR3985995	LSC
CATTACTG	SRR3985897	Blast
CATTTTAT	SRR2775776	LSC
CCAAGTGA	SRR3985975	LSC
CCAATTAG	SRR2775717	Blast
CCACACGA	SRR3986184	Monocyte
CCACTCAT	SRR2775649	Blast
CCAGTACG	SRR2775750	Blast
CCATATGA	SRR3985877	Blast
CCATCAGA	SRR3985867	Blast
CCATCCTA	SRR3986068	LMPP
CCATGAGA	SRR2775730	Blast
CCCAGACA	SRR2775797	LSC
CCCATTAT	SRR3985908	Blast
CCCCGCTA	SRR2775784	LSC
CCCGATCG	SRR3985913	Blast
CCCGCTCG	SRR3986016	LSC
CCCGTCTT	SRR2775814	LSC
CCCTAAGT	SRR3986195	Monocyte
CCCTAGGC	SRR3986072	LMPP
CCCTCACT	SRR3985950	LSC
CCCTCTAG	SRR2775786	LSC
CCCTGTCT	SRR3986058	LMPP
CCGACATT	SRR2775857	LSC
CCGAGGAC	SRR3986145	Monocyte
CCGCTGTA	SRR2775757	Blast
CCGGTAAG	SRR3985898	Blast
CCGTAAAT	SRR2775714	Blast
CCGTCTGG	SRR2775709	Blast
CCGTGGGG	SRR2775867	LSC
CCGTGTCT	SRR3986014	LSC
CCGTTAAT	SRR2775670	Blast
CCTAATAA	SRR2775823	LSC
CCTAATTT	SRR2775662	Blast
CCTATAGG	SRR3985925	Blast
CCTCGAAA	SRR3986133	Monocyte
CCTCTGGG	SRR3986026	LMPP
CCTGAATA	SRR3986034	LMPP
CCTGATTC	SRR3985969	LSC
CCTGCAGG	SRR3986105	LMPP
CCTGGAGT	SRR3986069	LMPP
CCTGGCCA	SRR3985953	LSC
CCTTCCGA	SRR2775697	Blast
CCTTGCGG	SRR3985978	LSC
CGAAGGAG	SRR2775761	LSC
CGACAGAA	SRR3985999	LSC
CGACAGAT	SRR3986110	LMPP
CGACCCAA	SRR3985993	LSC
CGAGACGC	SRR3985839	Blast
CGATCACA	SRR3986015	LSC
CGCAACTG	SRR3986196	Monocyte
CGCACCAT	SRR3985891	Blast
CGCATAGG	SRR2775833	LSC
CGCCCATC	SRR2775747	Blast
CGCCCGTG	SRR2775866	LSC
CGCGCCCG	SRR3986030	LMPP
CGCTGATG	SRR2775860	LSC
CGCTGTGT	SRR2775741	Blast
CGCTGTTA	SRR2775725	Blast
CGCTTAGC	SRR3986209	Monocyte
CGCTTCGG	SRR2775805	LSC
CGGATTTA	SRR3986139	Monocyte
CGGCACCT	SRR3986202	Monocyte
CGGCTAGA	SRR2775666	Blast
CGGGAGAG	SRR2775668	Blast
CGGGTTAG	SRR3985846	Blast
CGGTCTGG	SRR3986130	Monocyte
CGGTTGTG	SRR2775762	LSC
CGTACCAA	SRR3986119	LMPP
CGTATGTC	SRR2775783	LSC
CGTGAGCC	SRR2775742	Blast
CGTGATTA	SRR3985856	Blast
CGTGCTGG	SRR3985840	Blast
CTAAGGAG	SRR2775854	LSC
CTACGGAG	SRR2775837	LSC
CTAGCTGC	SRR3986179	Monocyte
CTATAGCA	SRR3986049	LMPP
CTATCCAA	SRR2775864	LSC
CTATCCCC	SRR2775703	Blast
CTATCGAC	SRR3985931	LSC
CTATTATG	SRR2775737	Blast
CTATTTGT	SRR2775705	Blast
CTCAAGGA	SRR2775777	LSC
CTCACAAA	SRR3985876	Blast
CTCATAGC	SRR3986104	LMPP
CTCCAGGT	SRR3985960	LSC
CTCCCTTG	SRR3985964	LSC
CTCCTCGT	SRR3985928	LSC
CTCGAATC	SRR3986208	Monocyte
CTCGATCT	SRR2775861	LSC
CTCGGAAG	SRR2775752	Blast
CTCTTAGA	SRR3985966	LSC
CTGAAGTA	SRR2775707	Blast
CTGATAGT	SRR3985917	Blast
CTGATCGA	SRR2775731	Blast
CTGCTCCG	SRR3986036	LMPP
CTGGCTGT	SRR3986084	LMPP
CTGTCAAG	SRR2775803	LSC
CTGTGGAA	SRR3986106	LMPP
CTGTTGTG	SRR3985858	Blast
CTTAAAGT	SRR3986215	Monocyte
CTTAAATC	SRR3985874	Blast
CTTACAGC	SRR2775828	LSC
CTTAGACA	SRR2775683	Blast
CTTATACA	SRR3985851	Blast
CTTCACGT	SRR3986170	Monocyte
CTTCCTGC	SRR2775749	Blast
CTTCGCAC	SRR2775700	Blast
CTTGCCCT	SRR3986004	LSC
CTTGCGCC	SRR3985838	Blast
CTTGGATT	SRR2775827	LSC
CTTGGCAC	SRR2775738	Blast
CTTGGCGT	SRR2775712	Blast
CTTGGTAT	SRR2775751	Blast
CTTTCAGG	SRR2775651	Blast
CTTTGAAT	SRR3985853	Blast
GAAAGAGG	SRR3985879	Blast
GAAAGCAT	SRR3986199	Monocyte
GAAAGGAA	SRR3986042	LMPP
GAAAGTAT	SRR3985857	Blast
GAACTAAC	SRR2775727	Blast
GAAGCACG	SRR2775798	LSC
GAAGGATC	SRR3986193	Monocyte
GAATAACT	SRR3986001	LSC
GAATTAGC	SRR3986177	Monocyte
GACACCCA	SRR3986073	LMPP
GACATGGG	SRR2775722	Blast
GACCACAG	SRR3986112	LMPP
GACCGGAA	SRR3986101	LMPP
GACGCAGG	SRR3985854	Blast
GACGCCGG	SRR3986173	Monocyte
GACGGTTA	SRR3985915	Blast
GACGTGGC	SRR3985899	Blast
GACTACTG	SRR3985871	Blast
GACTCCGA	SRR2775696	Blast
GACTGAAT	SRR3986085	LMPP
GAGACGAA	SRR3986172	Monocyte
GAGAGTCA	SRR2775767	LSC
GAGCAGCT	SRR3986122	Monocyte
GAGCCCTG	SRR3986182	Monocyte
GAGGGCAA	SRR3985996	LSC
GAGGGCGT	SRR3985847	Blast
GAGTAACG	SRR2775701	Blast
GATAGCTC	SRR3986050	LMPP
GATAGGCA	SRR3985941	LSC
GATATGTG	SRR3986087	LMPP
GATATTTA	SRR3985935	LSC
GATCCGCG	SRR3985855	Blast
GATGAACT	SRR3986065	LMPP
GATGTCCC	SRR3986140	Monocyte
GATTTTGG	SRR3986141	Monocyte
GCAAATCG	SRR3986174	Monocyte
GCAAATGT	SRR3985990	LSC
GCAACCGC	SRR3986211	Monocyte
GCAATACG	SRR2775733	Blast
GCACAGTA	SRR2775685	Blast
GCACTTGA	SRR3985885	Blast
GCACTTGG	SRR3985926	Blast
GCAGAGGT	SRR3986163	Monocyte
GCAGCCGG	SRR3986113	LMPP
GCAGCTCT	SRR2775820	LSC
GCAGTCAG	SRR2775768	LSC
GCATGTCA	SRR2775773	LSC
GCCAAGAT	SRR3985972	LSC
GCCCGGCT	SRR3986039	LMPP
GCCCGTCA	SRR2775658	Blast
GCCCTAGT	SRR2775732	Blast
GCCTGGGG	SRR3985968	LSC
GCCTGGTG	SRR3986123	Monocyte
GCGAAGGG	SRR2775724	Blast
GCGACAAA	SRR3985832	Blast
GCGCGCAG	SRR3986153	Monocyte
GCGCGTCG	SRR2775698	Blast
GCGGATAG	SRR3986149	Monocyte
GCGGGAAA	SRR3986079	LMPP
GCGGGAAC	SRR3985904	Blast
GCGGGACA	SRR3985965	LSC
GCGGGCAT	SRR3986144	Monocyte
GCGGGTAG	SRR3986132	Monocyte
GCGGGTTG	SRR3985890	Blast
GCGTATAG	SRR3985884	Blast
GCGTATAT	SRR2775778	LSC
GCGTTATT	SRR3985932	LSC
GCGTTTAG	SRR2775869	LSC
GCTAAGTC	SRR3985929	LSC
GCTAGACC	SRR2775830	LSC
GCTATTGG	SRR3986189	Monocyte
GCTCCTAT	SRR3985984	LSC
GCTGATTC	SRR3985940	LSC
GCTGGCAA	SRR2775812	LSC
GCTGTCTC	SRR3986207	Monocyte
GCTTGGAA	SRR3986190	Monocyte
GGAACTCG	SRR2775781	LSC
GGAGGTAC	SRR3985864	Blast
GGATGAAA	SRR3985888	Blast
GGCACCCC	SRR3985970	LSC
GGCATTTC	SRR2775851	LSC
GGCCCGCA	SRR3985870	Blast
GGCCGGAT	SRR3986126	Monocyte
GGCCTTAA	SRR3985896	Blast
GGCGCACG	SRR3986159	Monocyte
GGCGCGCA	SRR2775736	Blast
GGCTAATT	SRR3985920	Blast
GGCTCCTC	SRR3985989	LSC
GGCTCCTT	SRR3986203	Monocyte
GGGATTCT	SRR3986062	LMPP
GGGCCATT	SRR2775641	Blast
GGGGCACC	SRR3986214	Monocyte
GGGGCGAA	SRR3985912	Blast
GGGTAAAT	SRR3986037	LMPP
GGGTTTAT	SRR3986161	Monocyte
GGTCGCAC	SRR2775790	LSC
GGTCGTTA	SRR3985863	Blast
GGTCTTCA	SRR3986019	LSC
GGTGATCT	SRR3986134	Monocyte
GGTGGTCA	SRR2775675	Blast
GGTTCAAG	SRR3986135	Monocyte
GGTTGTGT	SRR3986024	LMPP
GTAAAGCG	SRR3986100	LMPP
GTAATACC	SRR2775687	Blast
GTAGAAAA	SRR2775740	Blast
GTAGAACA	SRR3985962	LSC
GTAGCCTG	SRR3986108	LMPP
GTAGGCTA	SRR2775653	Blast
GTAGTATT	SRR2775822	LSC
GTCACTGC	SRR2775806	LSC
GTCATAGG	SRR3986168	Monocyte
GTCCACAG	SRR3986070	LMPP
GTCCAGGT	SRR3986166	Monocyte
GTCGAGCG	SRR3986148	Monocyte
GTCGATCA	SRR2775792	LSC
GTCGCAAG	SRR2775729	Blast
GTCGTCGC	SRR2775755	Blast
GTCGTTTA	SRR3986129	Monocyte
GTCTTCCA	SRR3985952	LSC
GTCTTCTG	SRR3985954	LSC
GTGACATT	SRR3986128	Monocyte
GTGACTCG	SRR3986023	LSC
GTGACTTC	SRR2775772	LSC
GTGAGAAA	SRR3986098	LMPP
GTGAGACG	SRR3985948	LSC
GTGAGCAA	SRR3986005	LSC
GTGCACCC	SRR2775746	Blast
GTGCGAGG	SRR3985837	Blast
GTGGATTT	SRR3986008	LSC
GTGGCACA	SRR2775858	LSC
GTGGCTCA	SRR3985866	Blast
GTGGGAAC	SRR2775699	Blast
GTGGGTCA	SRR3985842	Blast
GTGGGTCC	SRR3985976	LSC
GTGTAGGG	SRR2775846	LSC
GTGTGACA	SRR2775721	Blast
GTTCACGG	SRR2775824	LSC
GTTCCACG	SRR3985914	Blast
GTTCCTTT	SRR2775656	Blast
GTTGCGGC	SRR3986052	LMPP
GTTGGCTT	SRR3986007	LSC
GTTGGGCG	SRR2775852	LSC
GTTGGTAC	SRR3986109	LMPP
GTTTAACT	SRR3985894	Blast
GTTTACAC	SRR3986066	LMPP
GTTTATTT	SRR3986160	Monocyte
GTTTTGGG	SRR3986055	LMPP
TAAACCAG	SRR2775745	Blast
TAAACTGA	SRR3986013	LSC
TAAAGGGT	SRR3986183	Monocyte
TAACAGGG	SRR2775758	Blast
TAACATTG	SRR3985909	Blast
TAAGGACG	SRR3986194	Monocyte
TAAGGCGT	SRR3986046	LMPP
TAATGGGT	SRR3985901	Blast
TAATTGCC	SRR3985945	LSC
TAATTTAC	SRR3985895	Blast
TACAGGCT	SRR3986089	LMPP
TACATCCT	SRR3986053	LMPP
TACCCAGG	SRR3986125	Monocyte
TACCGCCA	SRR3985911	Blast
TACGAACA	SRR3986028	LMPP
TACGTGAT	SRR3985886	Blast
TACTACAG	SRR3986186	Monocyte
TACTCCGG	SRR3985852	Blast
TAGACACC	SRR3985892	Blast
TAGAGAGT	SRR3986212	Monocyte
TAGGACTT	SRR2775638	Blast
TAGGATAC	SRR3985922	Blast
TAGGATAG	SRR3985997	LSC
TAGGCCTC	SRR3986131	Monocyte
TAGTAAGC	SRR2775765	LSC
TAGTATTG	SRR3985843	Blast
TATAGGTG	SRR3986092	LMPP
TATATTAT	SRR3986136	Monocyte
TATCAAGA	SRR2775719	Blast
TATCCACC	SRR3985934	LSC
TATCTCGG	SRR3986097	LMPP
TATGAAAG	SRR3985971	LSC
TATGCGTA	SRR3985951	LSC
TATGGAGG	SRR3986080	LMPP
TATTAGAT	SRR2775843	LSC
TATTGGAT	SRR3986082	LMPP
TCAACCCC	SRR2775708	Blast
TCAAGAGA	SRR3986192	Monocyte
TCACCTAA	SRR2775788	LSC
TCACGGCT	SRR3986071	LMPP
TCAGTGTC	SRR3986197	Monocyte
TCAGTTCC	SRR2775789	LSC
TCATCTTT	SRR3985939	LSC
TCCAACTA	SRR2775673	Blast
TCCATTTG	SRR2775787	LSC
TCCCCCAA	SRR2775816	LSC
TCCCGCCA	SRR3985946	LSC
TCCCGTTG	SRR2775713	Blast
TCCCTAGC	SRR3986180	Monocyte
TCCGAGAG	SRR2775819	LSC
TCCGAGAT	SRR3985882	Blast
TCCGCACT	SRR3986033	LMPP
TCCGCAGT	SRR3986185	Monocyte
TCCGGATT	SRR3986093	LMPP
TCCGTACG	SRR3985831	Blast
TCCTCTCG	SRR2775759	LSC
TCGACTCG	SRR3986088	LMPP
TCGAGCAA	SRR2775704	Blast
TCGCACCG	SRR3986038	LMPP
TCGTACTA	SRR3986107	LMPP
TCGTCACG	SRR3986216	Monocyte
TCGTTGTC	SRR3985973	LSC
TCGTTGTT	SRR3985961	LSC
TCTCAGCA	SRR3985963	LSC
TCTCGAGA	SRR3985902	Blast
TCTCGCAT	SRR3985921	Blast
TCTCTTTT	SRR3986000	LSC
TCTTAGAG	SRR3985927	Blast
TCTTAGCT	SRR3985875	Blast
TCTTCGGT	SRR3985878	Blast
TGAAACAA	SRR3986002	LSC
TGAAGAAG	SRR2775811	LSC
TGACAGAA	SRR3985918	Blast
TGATCACA	SRR3985998	LSC
TGCAAATG	SRR2775825	LSC
TGCACACG	SRR3986206	Monocyte
TGCAGCCA	SRR2775802	LSC
TGCCATAG	SRR3986138	Monocyte
TGCCCAGA	SRR2775748	Blast
TGCCCCGC	SRR2775654	Blast
TGCGAAAA	SRR2775804	LSC
TGCGGCTG	SRR3986176	Monocyte
TGCGTACA	SRR2775728	Blast
TGCGTACT	SRR3985869	Blast
TGCGTGGC	SRR2775813	LSC
TGCGTGTC	SRR3986164	Monocyte
TGCTTAAC	SRR3986094	LMPP
TGGAAACA	SRR2775639	Blast
TGGAAGTG	SRR3986167	Monocyte
TGGACGAA	SRR3985862	Blast
TGGATTGA	SRR2775711	Blast
TGGCGGCT	SRR3985944	LSC
TGGCTACC	SRR2775760	LSC
TGGGCCCG	SRR2775647	Blast
TGGGCGAT	SRR3986081	LMPP
TGGGGTGC	SRR3986018	LSC
TGGTCAAT	SRR2775645	Blast
TGTAAATC	SRR3985986	LSC
TGTAATAC	SRR2775785	LSC
TGTAGGTG	SRR3986155	Monocyte
TGTATCTT	SRR2775743	Blast
TGTATGGT	SRR3985956	LSC
TGTCCGTG	SRR2775807	LSC
TGTGAAGT	SRR2775763	LSC
TGTGCGTA	SRR3986115	LMPP
TGTGTCGG	SRR3986063	LMPP
TGTTACCC	SRR3985865	Blast
TGTTGATC	SRR3986142	Monocyte
TTAATAGC	SRR2775681	Blast
TTACAGCT	SRR2775643	Blast
TTACTCAG	SRR3986151	Monocyte
TTAGCGCT	SRR3986181	Monocyte
TTAGGGTA	SRR3986137	Monocyte
TTATACGA	SRR3985916	Blast
TTATGTTC	SRR3985974	LSC
TTATTTAT	SRR3986124	Monocyte
TTATTTGA	SRR3985937	LSC
TTCAAAAC	SRR3986150	Monocyte
TTCAATGC	SRR2775794	LSC
TTCAGTCC	SRR3986165	Monocyte
TTCATCTC	SRR3986075	LMPP
TTCCTAAG	SRR3985988	LSC
TTCGATGT	SRR2775840	LSC
TTCGGAAA	SRR3985836	Blast
TTCTGAAG	SRR2775723	Blast
TTGACTAT	SRR2775726	Blast
TTGAGAAC	SRR3985924	Blast
TTGGACAG	SRR2775744	Blast
TTGGCAGC	SRR2775769	LSC
TTGGCCGA	SRR3986032	LMPP
TTGGTATG	SRR2775691	Blast
TTGTGGCA	SRR2775702	Blast
TTTAACAG	SRR3985849	Blast
TTTACGAA	SRR3986078	LMPP
TTTCAGAT	SRR3986127	Monocyte
TTTGTCGT	SRR3985959	LSC
TTTTCTCC	SRR3985992	LSC
TTTTGCCA	SRR2775716	Blast
